﻿<parameters>
  <parameter name="IIS Web Application Name" defaultValue="Default Web Site/DynamicWebService" tags="IisApp">
    <parameterEntry kind="ProviderPath" scope="IisApp" match="^D:\\My_Applications\\DynamicClassGenerator\\DynamicWebService\\obj\\Debug\\Package\\PackageTmp$" />
    <parameterEntry kind="ProviderPath" scope="setAcl" match="^D:\\My_Applications\\DynamicClassGenerator\\DynamicWebService\\obj\\Debug\\Package\\PackageTmp$" />
  </parameter>
  <parameter name="DynamicDbContext-Web.config Connection String" defaultValue="Data Source=localhost;Initial Catalog=Dynamic;Password=QQQwww123;Persist Security Info=True;User ID=sa;MultipleActiveResultSets=True;">
    <parameterEntry kind="XmlFile" scope="D:\\My_Applications\\DynamicClassGenerator\\DynamicWebService\\obj\\Debug\\Package\\PackageTmp\\Web\.config$" match="/configuration/connectionStrings/add[@name='DynamicDbContext']/@connectionString" />
  </parameter>
  <parameter name="DynamicEntities-Web.config Connection String" defaultValue="metadata=res://*/Model.csdl|res://*/Model.ssdl|res://*/Model.msl;provider=System.Data.SqlClient;provider connection string=&quot;data source=localhost;initial catalog=Dynamic;persist security info=True;user id=sa;password=QQQwww123;multipleactiveresultsets=True;App=EntityFramework&quot;">
    <parameterEntry kind="XmlFile" scope="D:\\My_Applications\\DynamicClassGenerator\\DynamicWebService\\obj\\Debug\\Package\\PackageTmp\\Web\.config$" match="/configuration/connectionStrings/add[@name='DynamicEntities']/@connectionString" />
  </parameter>
</parameters>